<Anims>
 <anim name="idle" root="lol_wp_s7_doranshield" numframes="100" framerate="40">
  <frame idx="0" w="284" h="363" x="-9.774923" y="-119.175003">
   <element name="shield_parts" layername="shield_parts" frame="0" z_index="1" m_a="1.000000" m_b="0.000000" m_c="0.000000" m_d="1.000000" m_tx="0.100000" m_ty="0.050000"/>
  </frame>
  <frame idx="25" w="284" h="363" x="-9.774923" y="-119.175003">
   <element name="shield_parts" layername="shield_parts" frame="0" z_index="1" m_a="1.000000" m_b="0.000000" m_c="0.000000" m_d="1.000000" m_tx="0.100000" m_ty="0.050000"/>
  </frame>
  <frame idx="50" w="284" h="363" x="-9.774923" y="-119.175003">
   <element name="shield_parts" layername="shield_parts" frame="0" z_index="1" m_a="1.000000" m_b="0.000000" m_c="0.000000" m_d="1.000000" m_tx="0.100000" m_ty="0.050000"/>
  </frame>
  <frame idx="75" w="284" h="363" x="-9.774923" y="-119.175003">
   <element name="shield_parts" layername="shield_parts" frame="0" z_index="1" m_a="1.000000" m_b="0.000000" m_c="0.000000" m_d="1.000000" m_tx="0.100000" m_ty="0.050000"/>
  </frame>
 </anim>
</Anims>
