<Anims>
 <anim name="idle1" root="lol_wp_terraprisma_projectile_tail" numframes="350" framerate="40">
  <frame idx="0" w="255" h="81" x="-109.768738" y="-73.268738">
   <element name="tail" layername="tail" frame="0" z_index="1" m_a="1.000000" m_b="0.000000" m_c="0.000000" m_d="1.000000" m_tx="0.000000" m_ty="0.000000"/>
  </frame>
  <frame idx="25" w="255" h="81" x="-109.768738" y="-73.268738">
   <element name="tail" layername="tail" frame="0" z_index="1" m_a="1.000000" m_b="0.000000" m_c="0.000000" m_d="1.000000" m_tx="0.000000" m_ty="0.000000"/>
  </frame>
  <frame idx="50" w="255" h="81" x="-109.768738" y="-73.268738">
   <element name="tail" layername="tail" frame="1" z_index="1" m_a="1.000000" m_b="0.000000" m_c="0.000000" m_d="1.000000" m_tx="0.000000" m_ty="0.000000"/>
  </frame>
  <frame idx="75" w="255" h="81" x="-109.768738" y="-73.268738">
   <element name="tail" layername="tail" frame="1" z_index="1" m_a="1.000000" m_b="0.000000" m_c="0.000000" m_d="1.000000" m_tx="0.000000" m_ty="0.000000"/>
  </frame>
  <frame idx="100" w="255" h="81" x="-109.768738" y="-73.268738">
   <element name="tail" layername="tail" frame="3" z_index="1" m_a="1.000000" m_b="0.000000" m_c="0.000000" m_d="1.000000" m_tx="0.000000" m_ty="0.000000"/>
  </frame>
  <frame idx="125" w="255" h="81" x="-109.768738" y="-73.268738">
   <element name="tail" layername="tail" frame="3" z_index="1" m_a="1.000000" m_b="0.000000" m_c="0.000000" m_d="1.000000" m_tx="0.000000" m_ty="0.000000"/>
  </frame>
  <frame idx="150" w="255" h="81" x="-109.768738" y="-73.268738">
   <element name="tail" layername="tail" frame="4" z_index="1" m_a="1.000000" m_b="0.000000" m_c="0.000000" m_d="1.000000" m_tx="0.000000" m_ty="0.000000"/>
  </frame>
  <frame idx="175" w="255" h="81" x="-109.768738" y="-73.268738">
   <element name="tail" layername="tail" frame="5" z_index="1" m_a="1.000000" m_b="0.000000" m_c="0.000000" m_d="1.000000" m_tx="0.000000" m_ty="0.000000"/>
  </frame>
  <frame idx="200" w="255" h="81" x="-109.768738" y="-73.268738">
   <element name="tail" layername="tail" frame="6" z_index="1" m_a="1.000000" m_b="0.000000" m_c="0.000000" m_d="1.000000" m_tx="0.000000" m_ty="0.000000"/>
  </frame>
  <frame idx="225" w="255" h="81" x="-109.768738" y="-73.268738">
   <element name="tail" layername="tail" frame="6" z_index="1" m_a="1.000000" m_b="0.000000" m_c="0.000000" m_d="1.000000" m_tx="0.000000" m_ty="0.000000"/>
  </frame>
  <frame idx="250" w="255" h="81" x="-109.768738" y="-73.268738">
   <element name="tail" layername="tail" frame="7" z_index="1" m_a="1.000000" m_b="0.000000" m_c="0.000000" m_d="1.000000" m_tx="0.000000" m_ty="0.000000"/>
  </frame>
  <frame idx="275" w="255" h="81" x="-109.768738" y="-73.268738">
   <element name="tail" layername="tail" frame="8" z_index="1" m_a="1.000000" m_b="0.000000" m_c="0.000000" m_d="1.000000" m_tx="0.000000" m_ty="0.000000"/>
  </frame>
  <frame idx="300" w="255" h="81" x="-109.768738" y="-73.268738">
   <element name="tail" layername="tail" frame="9" z_index="1" m_a="1.000000" m_b="0.000000" m_c="0.000000" m_d="1.000000" m_tx="0.000000" m_ty="0.000000"/>
  </frame>
  <frame idx="325" w="255" h="81" x="-109.768738" y="-73.268738">
   <element name="tail" layername="tail" frame="9" z_index="1" m_a="1.000000" m_b="0.000000" m_c="0.000000" m_d="1.000000" m_tx="0.000000" m_ty="0.000000"/>
  </frame>
 </anim>
 <anim name="idle2" root="lol_wp_terraprisma_projectile_tail" numframes="350" framerate="40">
  <frame idx="0" w="255" h="81" x="-109.767250" y="-73.267426">
   <element name="tail" layername="tail" frame="0" z_index="1" m_a="0.999985" m_b="0.000000" m_c="0.000000" m_d="0.999992" m_tx="0.000158" m_ty="0.000000"/>
  </frame>
  <frame idx="25" w="213" h="63" x="-89.826233" y="-57.286453">
   <element name="tail" layername="tail" frame="0" z_index="1" m_a="0.833758" m_b="0.000000" m_c="0.000000" m_d="0.910899" m_tx="1.768530" m_ty="0.000000"/>
  </frame>
  <frame idx="50" w="176" h="47" x="-72.139641" y="-42.850731">
   <element name="tail" layername="tail" frame="1" z_index="1" m_a="0.685269" m_b="0.000000" m_c="0.000000" m_d="0.831314" m_tx="3.348190" m_ty="0.000000"/>
  </frame>
  <frame idx="75" w="143" h="34" x="-56.753899" y="-30.941593">
   <element name="tail" layername="tail" frame="1" z_index="1" m_a="0.560043" m_b="0.000000" m_c="0.000000" m_d="0.764196" m_tx="4.680392" m_ty="0.000000"/>
  </frame>
  <frame idx="100" w="113" h="22" x="-42.616402" y="-19.691498">
   <element name="tail" layername="tail" frame="3" z_index="1" m_a="0.442382" m_b="0.000000" m_c="0.000000" m_d="0.701132" m_tx="5.932100" m_ty="0.000000"/>
  </frame>
  <frame idx="125" w="92" h="12" x="-32.372437" y="-10.989937">
   <element name="tail" layername="tail" frame="3" z_index="1" m_a="0.353976" m_b="0.000000" m_c="0.000000" m_d="0.653750" m_tx="6.872580" m_ty="0.000000"/>
  </frame>
  <frame idx="150" w="71" h="5" x="-22.649479" y="-3.687700">
   <element name="tail" layername="tail" frame="4" z_index="1" m_a="0.275893" m_b="0.000000" m_c="0.000000" m_d="0.611899" m_tx="7.703250" m_ty="0.000000"/>
  </frame>
  <frame idx="175" w="55" h="4" x="-15.039526" y="-0.500000">
   <element name="tail" layername="tail" frame="5" z_index="1" m_a="0.209063" m_b="0.000000" m_c="0.000000" m_d="0.576080" m_tx="8.414200" m_ty="0.000000"/>
  </frame>
  <frame idx="200" w="40" h="10" x="-8.074319" y="-1.000000">
   <element name="tail" layername="tail" frame="6" z_index="1" m_a="0.153807" m_b="0.000000" m_c="0.000000" m_d="0.546465" m_tx="9.002030" m_ty="0.000000"/>
  </frame>
  <frame idx="225" w="31" h="14" x="-3.803592" y="-1.500000">
   <element name="tail" layername="tail" frame="6" z_index="1" m_a="0.115683" m_b="0.000000" m_c="0.000000" m_d="0.526032" m_tx="9.407600" m_ty="0.000000"/>
  </frame>
  <frame idx="250" w="23" h="17" x="0.056308" y="-1.500000">
   <element name="tail" layername="tail" frame="7" z_index="1" m_a="0.086768" m_b="0.000000" m_c="0.000000" m_d="0.510534" m_tx="9.715210" m_ty="0.000000"/>
  </frame>
  <frame idx="275" w="18" h="18" x="2.407553" y="-1.500000">
   <element name="tail" layername="tail" frame="8" z_index="1" m_a="0.068051" m_b="0.000000" m_c="0.000000" m_d="0.500502" m_tx="9.914330" m_ty="0.000000"/>
  </frame>
  <frame idx="300" w="16" h="20" x="3.204052" y="-2.000000">
   <element name="tail" layername="tail" frame="9" z_index="1" m_a="0.059998" m_b="0.000000" m_c="0.000000" m_d="0.496185" m_tx="10.000000" m_ty="0.000000"/>
  </frame>
  <frame idx="325" w="106" h="18" x="-38.986694" y="-16.434887">
   <element name="tail" layername="tail" frame="9" z_index="1" m_a="0.410739" m_b="0.000000" m_c="0.000000" m_d="0.684173" m_tx="6.268720" m_ty="0.000000"/>
  </frame>
 </anim>
</Anims>
