<Anims>
 <anim name="BUILD_90s_90s" root="swap_lol_wp_sheen" numframes="1000" framerate="40">
  <frame idx="0" w="744" h="1330" x="89.028748" y="230.404999">
   <element name="swap_lol_wp_sheen" layername="swap_lol_wp_sheen" frame="0" z_index="0" m_a="1.000000" m_b="0.000000" m_c="0.000000" m_d="1.000000" m_tx="162.951996" m_ty="471.204987"/>
  </frame>
  <frame idx="25" w="744" h="1330" x="89.028748" y="230.404999">
   <element name="swap_lol_wp_sheen" layername="swap_lol_wp_sheen" frame="0" z_index="0" m_a="1.000000" m_b="0.000000" m_c="0.000000" m_d="1.000000" m_tx="162.951996" m_ty="471.204987"/>
  </frame>
  <frame idx="50" w="744" h="1330" x="89.028748" y="230.404999">
   <element name="swap_lol_wp_sheen" layername="swap_lol_wp_sheen" frame="0" z_index="0" m_a="1.000000" m_b="0.000000" m_c="0.000000" m_d="1.000000" m_tx="162.951996" m_ty="471.204987"/>
  </frame>
  <frame idx="75" w="744" h="1330" x="89.028748" y="230.404999">
   <element name="swap_lol_wp_sheen" layername="swap_lol_wp_sheen" frame="0" z_index="0" m_a="1.000000" m_b="0.000000" m_c="0.000000" m_d="1.000000" m_tx="162.951996" m_ty="471.204987"/>
  </frame>
  <frame idx="100" w="744" h="1330" x="89.028748" y="230.404999">
   <element name="swap_lol_wp_sheen" layername="swap_lol_wp_sheen" frame="0" z_index="0" m_a="1.000000" m_b="0.000000" m_c="0.000000" m_d="1.000000" m_tx="162.951996" m_ty="471.204987"/>
  </frame>
  <frame idx="125" w="744" h="1330" x="89.028748" y="230.404999">
   <element name="swap_lol_wp_sheen" layername="swap_lol_wp_sheen" frame="0" z_index="0" m_a="1.000000" m_b="0.000000" m_c="0.000000" m_d="1.000000" m_tx="162.951996" m_ty="471.204987"/>
  </frame>
  <frame idx="150" w="744" h="1330" x="89.028748" y="230.404999">
   <element name="swap_lol_wp_sheen" layername="swap_lol_wp_sheen" frame="0" z_index="0" m_a="1.000000" m_b="0.000000" m_c="0.000000" m_d="1.000000" m_tx="162.951996" m_ty="471.204987"/>
  </frame>
  <frame idx="175" w="744" h="1330" x="89.028748" y="230.404999">
   <element name="swap_lol_wp_sheen" layername="swap_lol_wp_sheen" frame="0" z_index="0" m_a="1.000000" m_b="0.000000" m_c="0.000000" m_d="1.000000" m_tx="162.951996" m_ty="471.204987"/>
  </frame>
  <frame idx="200" w="744" h="1330" x="89.028748" y="230.404999">
   <element name="swap_lol_wp_sheen" layername="swap_lol_wp_sheen" frame="0" z_index="0" m_a="1.000000" m_b="0.000000" m_c="0.000000" m_d="1.000000" m_tx="162.951996" m_ty="471.204987"/>
  </frame>
  <frame idx="225" w="744" h="1330" x="89.028748" y="230.404999">
   <element name="swap_lol_wp_sheen" layername="swap_lol_wp_sheen" frame="0" z_index="0" m_a="1.000000" m_b="0.000000" m_c="0.000000" m_d="1.000000" m_tx="162.951996" m_ty="471.204987"/>
  </frame>
  <frame idx="250" w="744" h="1330" x="89.028748" y="230.404999">
   <element name="swap_lol_wp_sheen" layername="swap_lol_wp_sheen" frame="0" z_index="0" m_a="1.000000" m_b="0.000000" m_c="0.000000" m_d="1.000000" m_tx="162.951996" m_ty="471.204987"/>
  </frame>
  <frame idx="275" w="744" h="1330" x="89.028748" y="230.404999">
   <element name="swap_lol_wp_sheen" layername="swap_lol_wp_sheen" frame="0" z_index="0" m_a="1.000000" m_b="0.000000" m_c="0.000000" m_d="1.000000" m_tx="162.951996" m_ty="471.204987"/>
  </frame>
  <frame idx="300" w="744" h="1330" x="89.028748" y="230.404999">
   <element name="swap_lol_wp_sheen" layername="swap_lol_wp_sheen" frame="0" z_index="0" m_a="1.000000" m_b="0.000000" m_c="0.000000" m_d="1.000000" m_tx="162.951996" m_ty="471.204987"/>
  </frame>
  <frame idx="325" w="744" h="1330" x="89.028748" y="230.404999">
   <element name="swap_lol_wp_sheen" layername="swap_lol_wp_sheen" frame="0" z_index="0" m_a="1.000000" m_b="0.000000" m_c="0.000000" m_d="1.000000" m_tx="162.951996" m_ty="471.204987"/>
  </frame>
  <frame idx="350" w="744" h="1330" x="89.028748" y="230.404999">
   <element name="swap_lol_wp_sheen" layername="swap_lol_wp_sheen" frame="0" z_index="0" m_a="1.000000" m_b="0.000000" m_c="0.000000" m_d="1.000000" m_tx="162.951996" m_ty="471.204987"/>
  </frame>
  <frame idx="375" w="744" h="1330" x="89.028748" y="230.404999">
   <element name="swap_lol_wp_sheen" layername="swap_lol_wp_sheen" frame="0" z_index="0" m_a="1.000000" m_b="0.000000" m_c="0.000000" m_d="1.000000" m_tx="162.951996" m_ty="471.204987"/>
  </frame>
  <frame idx="400" w="744" h="1330" x="89.028748" y="230.404999">
   <element name="swap_lol_wp_sheen" layername="swap_lol_wp_sheen" frame="0" z_index="0" m_a="1.000000" m_b="0.000000" m_c="0.000000" m_d="1.000000" m_tx="162.951996" m_ty="471.204987"/>
  </frame>
  <frame idx="425" w="744" h="1330" x="89.028748" y="230.404999">
   <element name="swap_lol_wp_sheen" layername="swap_lol_wp_sheen" frame="0" z_index="0" m_a="1.000000" m_b="0.000000" m_c="0.000000" m_d="1.000000" m_tx="162.951996" m_ty="471.204987"/>
  </frame>
  <frame idx="450" w="744" h="1330" x="89.028748" y="230.404999">
   <element name="swap_lol_wp_sheen" layername="swap_lol_wp_sheen" frame="0" z_index="0" m_a="1.000000" m_b="0.000000" m_c="0.000000" m_d="1.000000" m_tx="162.951996" m_ty="471.204987"/>
  </frame>
  <frame idx="475" w="744" h="1330" x="89.028748" y="230.404999">
   <element name="swap_lol_wp_sheen" layername="swap_lol_wp_sheen" frame="0" z_index="0" m_a="1.000000" m_b="0.000000" m_c="0.000000" m_d="1.000000" m_tx="162.951996" m_ty="471.204987"/>
  </frame>
  <frame idx="500" w="744" h="1330" x="89.028748" y="230.404999">
   <element name="swap_lol_wp_sheen" layername="swap_lol_wp_sheen" frame="0" z_index="0" m_a="1.000000" m_b="0.000000" m_c="0.000000" m_d="1.000000" m_tx="162.951996" m_ty="471.204987"/>
  </frame>
  <frame idx="525" w="744" h="1330" x="89.028748" y="230.404999">
   <element name="swap_lol_wp_sheen" layername="swap_lol_wp_sheen" frame="0" z_index="0" m_a="1.000000" m_b="0.000000" m_c="0.000000" m_d="1.000000" m_tx="162.951996" m_ty="471.204987"/>
  </frame>
  <frame idx="550" w="744" h="1330" x="89.028748" y="230.404999">
   <element name="swap_lol_wp_sheen" layername="swap_lol_wp_sheen" frame="0" z_index="0" m_a="1.000000" m_b="0.000000" m_c="0.000000" m_d="1.000000" m_tx="162.951996" m_ty="471.204987"/>
  </frame>
  <frame idx="575" w="744" h="1330" x="89.028748" y="230.404999">
   <element name="swap_lol_wp_sheen" layername="swap_lol_wp_sheen" frame="0" z_index="0" m_a="1.000000" m_b="0.000000" m_c="0.000000" m_d="1.000000" m_tx="162.951996" m_ty="471.204987"/>
  </frame>
  <frame idx="600" w="744" h="1330" x="89.028748" y="230.404999">
   <element name="swap_lol_wp_sheen" layername="swap_lol_wp_sheen" frame="0" z_index="0" m_a="1.000000" m_b="0.000000" m_c="0.000000" m_d="1.000000" m_tx="162.951996" m_ty="471.204987"/>
  </frame>
  <frame idx="625" w="744" h="1330" x="89.028748" y="230.404999">
   <element name="swap_lol_wp_sheen" layername="swap_lol_wp_sheen" frame="0" z_index="0" m_a="1.000000" m_b="0.000000" m_c="0.000000" m_d="1.000000" m_tx="162.951996" m_ty="471.204987"/>
  </frame>
  <frame idx="650" w="744" h="1330" x="89.028748" y="230.404999">
   <element name="swap_lol_wp_sheen" layername="swap_lol_wp_sheen" frame="0" z_index="0" m_a="1.000000" m_b="0.000000" m_c="0.000000" m_d="1.000000" m_tx="162.951996" m_ty="471.204987"/>
  </frame>
  <frame idx="675" w="744" h="1330" x="89.028748" y="230.404999">
   <element name="swap_lol_wp_sheen" layername="swap_lol_wp_sheen" frame="0" z_index="0" m_a="1.000000" m_b="0.000000" m_c="0.000000" m_d="1.000000" m_tx="162.951996" m_ty="471.204987"/>
  </frame>
  <frame idx="700" w="744" h="1330" x="89.028748" y="230.404999">
   <element name="swap_lol_wp_sheen" layername="swap_lol_wp_sheen" frame="0" z_index="0" m_a="1.000000" m_b="0.000000" m_c="0.000000" m_d="1.000000" m_tx="162.951996" m_ty="471.204987"/>
  </frame>
  <frame idx="725" w="744" h="1330" x="89.028748" y="230.404999">
   <element name="swap_lol_wp_sheen" layername="swap_lol_wp_sheen" frame="0" z_index="0" m_a="1.000000" m_b="0.000000" m_c="0.000000" m_d="1.000000" m_tx="162.951996" m_ty="471.204987"/>
  </frame>
  <frame idx="750" w="744" h="1330" x="89.028748" y="230.404999">
   <element name="swap_lol_wp_sheen" layername="swap_lol_wp_sheen" frame="0" z_index="0" m_a="1.000000" m_b="0.000000" m_c="0.000000" m_d="1.000000" m_tx="162.951996" m_ty="471.204987"/>
  </frame>
  <frame idx="775" w="744" h="1330" x="89.028748" y="230.404999">
   <element name="swap_lol_wp_sheen" layername="swap_lol_wp_sheen" frame="0" z_index="0" m_a="1.000000" m_b="0.000000" m_c="0.000000" m_d="1.000000" m_tx="162.951996" m_ty="471.204987"/>
  </frame>
  <frame idx="800" w="744" h="1330" x="89.028748" y="230.404999">
   <element name="swap_lol_wp_sheen" layername="swap_lol_wp_sheen" frame="0" z_index="0" m_a="1.000000" m_b="0.000000" m_c="0.000000" m_d="1.000000" m_tx="162.951996" m_ty="471.204987"/>
  </frame>
  <frame idx="825" w="744" h="1330" x="89.028748" y="230.404999">
   <element name="swap_lol_wp_sheen" layername="swap_lol_wp_sheen" frame="0" z_index="0" m_a="1.000000" m_b="0.000000" m_c="0.000000" m_d="1.000000" m_tx="162.951996" m_ty="471.204987"/>
  </frame>
  <frame idx="850" w="744" h="1330" x="89.028748" y="230.404999">
   <element name="swap_lol_wp_sheen" layername="swap_lol_wp_sheen" frame="0" z_index="0" m_a="1.000000" m_b="0.000000" m_c="0.000000" m_d="1.000000" m_tx="162.951996" m_ty="471.204987"/>
  </frame>
  <frame idx="875" w="744" h="1330" x="89.028748" y="230.404999">
   <element name="swap_lol_wp_sheen" layername="swap_lol_wp_sheen" frame="0" z_index="0" m_a="1.000000" m_b="0.000000" m_c="0.000000" m_d="1.000000" m_tx="162.951996" m_ty="471.204987"/>
  </frame>
  <frame idx="900" w="744" h="1330" x="89.028748" y="230.404999">
   <element name="swap_lol_wp_sheen" layername="swap_lol_wp_sheen" frame="0" z_index="0" m_a="1.000000" m_b="0.000000" m_c="0.000000" m_d="1.000000" m_tx="162.951996" m_ty="471.204987"/>
  </frame>
  <frame idx="925" w="744" h="1330" x="89.028748" y="230.404999">
   <element name="swap_lol_wp_sheen" layername="swap_lol_wp_sheen" frame="0" z_index="0" m_a="1.000000" m_b="0.000000" m_c="0.000000" m_d="1.000000" m_tx="162.951996" m_ty="471.204987"/>
  </frame>
  <frame idx="950" w="744" h="1330" x="89.028748" y="230.404999">
   <element name="swap_lol_wp_sheen" layername="swap_lol_wp_sheen" frame="0" z_index="0" m_a="1.000000" m_b="0.000000" m_c="0.000000" m_d="1.000000" m_tx="162.951996" m_ty="471.204987"/>
  </frame>
  <frame idx="975" w="744" h="1330" x="89.028748" y="230.404999">
   <element name="swap_lol_wp_sheen" layername="swap_lol_wp_sheen" frame="0" z_index="0" m_a="1.000000" m_b="0.000000" m_c="0.000000" m_d="1.000000" m_tx="162.951996" m_ty="471.204987"/>
  </frame>
 </anim>
</Anims>
