<Anims>
 <anim name="idle" root="gallop_brokenking" numframes="325" framerate="40">
  <frame idx="0" w="600" h="723" x="-72.000000" y="-184.500000">
   <element name="gallop_brokenking" layername="gallop_brokenking" frame="0" z_index="2" m_a="1.000000" m_b="0.000000" m_c="0.000000" m_d="1.000000" m_tx="0.000000" m_ty="20.000000"/>
  </frame>
  <frame idx="25" w="600" h="723" x="-72.000000" y="-184.500000">
   <element name="gallop_brokenking" layername="gallop_brokenking" frame="0" z_index="2" m_a="1.000000" m_b="0.000000" m_c="0.000000" m_d="1.000000" m_tx="0.000000" m_ty="20.000000"/>
  </frame>
  <frame idx="50" w="600" h="723" x="-72.000000" y="-184.500000">
   <element name="gallop_brokenking" layername="gallop_brokenking" frame="0" z_index="2" m_a="1.000000" m_b="0.000000" m_c="0.000000" m_d="1.000000" m_tx="0.000000" m_ty="20.000000"/>
  </frame>
  <frame idx="75" w="600" h="723" x="-72.000000" y="-184.500000">
   <element name="gallop_brokenking" layername="gallop_brokenking" frame="0" z_index="2" m_a="1.000000" m_b="0.000000" m_c="0.000000" m_d="1.000000" m_tx="0.000000" m_ty="20.000000"/>
  </frame>
  <frame idx="100" w="600" h="723" x="-72.000000" y="-184.500000">
   <element name="gallop_brokenking" layername="gallop_brokenking" frame="0" z_index="2" m_a="1.000000" m_b="0.000000" m_c="0.000000" m_d="1.000000" m_tx="0.000000" m_ty="20.000000"/>
  </frame>
  <frame idx="125" w="600" h="723" x="-72.000000" y="-184.500000">
   <element name="gallop_brokenking" layername="gallop_brokenking" frame="0" z_index="2" m_a="1.000000" m_b="0.000000" m_c="0.000000" m_d="1.000000" m_tx="0.000000" m_ty="20.000000"/>
  </frame>
  <frame idx="150" w="600" h="723" x="-72.000000" y="-184.500000">
   <element name="gallop_brokenking" layername="gallop_brokenking" frame="0" z_index="2" m_a="1.000000" m_b="0.000000" m_c="0.000000" m_d="1.000000" m_tx="0.000000" m_ty="20.000000"/>
  </frame>
  <frame idx="175" w="600" h="723" x="-72.000000" y="-184.500000">
   <element name="gallop_brokenking" layername="gallop_brokenking" frame="0" z_index="2" m_a="1.000000" m_b="0.000000" m_c="0.000000" m_d="1.000000" m_tx="0.000000" m_ty="20.000000"/>
  </frame>
  <frame idx="200" w="600" h="723" x="-72.000000" y="-184.500000">
   <element name="gallop_brokenking" layername="gallop_brokenking" frame="0" z_index="2" m_a="1.000000" m_b="0.000000" m_c="0.000000" m_d="1.000000" m_tx="0.000000" m_ty="20.000000"/>
  </frame>
  <frame idx="225" w="600" h="723" x="-72.000000" y="-184.500000">
   <element name="gallop_brokenking" layername="gallop_brokenking" frame="0" z_index="2" m_a="1.000000" m_b="0.000000" m_c="0.000000" m_d="1.000000" m_tx="0.000000" m_ty="20.000000"/>
  </frame>
  <frame idx="250" w="600" h="723" x="-72.000000" y="-184.500000">
   <element name="gallop_brokenking" layername="gallop_brokenking" frame="0" z_index="2" m_a="1.000000" m_b="0.000000" m_c="0.000000" m_d="1.000000" m_tx="0.000000" m_ty="20.000000"/>
  </frame>
  <frame idx="275" w="600" h="723" x="-72.000000" y="-184.500000">
   <element name="gallop_brokenking" layername="gallop_brokenking" frame="0" z_index="2" m_a="1.000000" m_b="0.000000" m_c="0.000000" m_d="1.000000" m_tx="0.000000" m_ty="20.000000"/>
  </frame>
  <frame idx="300" w="600" h="723" x="-72.000000" y="-184.500000">
   <element name="gallop_brokenking" layername="gallop_brokenking" frame="0" z_index="2" m_a="1.000000" m_b="0.000000" m_c="0.000000" m_d="1.000000" m_tx="0.000000" m_ty="20.000000"/>
  </frame>
 </anim>
 <anim name="BUILD" root="swap_gallop_brokenking" numframes="325" framerate="40">
  <frame idx="0" w="442" h="764" x="-31.999985" y="-178.999893">
   <element name="swap_gallop_brokenking" layername="swap_gallop_brokenking" frame="0" z_index="2" m_a="1.000000" m_b="0.000000" m_c="0.000000" m_d="1.000000" m_tx="0.000000" m_ty="0.000000"/>
  </frame>
  <frame idx="25" w="442" h="764" x="-31.999985" y="-178.999893">
   <element name="swap_gallop_brokenking" layername="swap_gallop_brokenking" frame="0" z_index="2" m_a="1.000000" m_b="0.000000" m_c="0.000000" m_d="1.000000" m_tx="0.000000" m_ty="0.000000"/>
  </frame>
  <frame idx="50" w="442" h="764" x="-31.999985" y="-178.999893">
   <element name="swap_gallop_brokenking" layername="swap_gallop_brokenking" frame="0" z_index="2" m_a="1.000000" m_b="0.000000" m_c="0.000000" m_d="1.000000" m_tx="0.000000" m_ty="0.000000"/>
  </frame>
  <frame idx="75" w="442" h="764" x="-31.999985" y="-178.999893">
   <element name="swap_gallop_brokenking" layername="swap_gallop_brokenking" frame="0" z_index="2" m_a="1.000000" m_b="0.000000" m_c="0.000000" m_d="1.000000" m_tx="0.000000" m_ty="0.000000"/>
  </frame>
  <frame idx="100" w="442" h="764" x="-31.999985" y="-178.999893">
   <element name="swap_gallop_brokenking" layername="swap_gallop_brokenking" frame="0" z_index="2" m_a="1.000000" m_b="0.000000" m_c="0.000000" m_d="1.000000" m_tx="0.000000" m_ty="0.000000"/>
  </frame>
  <frame idx="125" w="442" h="764" x="-31.999985" y="-178.999893">
   <element name="swap_gallop_brokenking" layername="swap_gallop_brokenking" frame="0" z_index="2" m_a="1.000000" m_b="0.000000" m_c="0.000000" m_d="1.000000" m_tx="0.000000" m_ty="0.000000"/>
  </frame>
  <frame idx="150" w="442" h="764" x="-31.999985" y="-178.999893">
   <element name="swap_gallop_brokenking" layername="swap_gallop_brokenking" frame="0" z_index="2" m_a="1.000000" m_b="0.000000" m_c="0.000000" m_d="1.000000" m_tx="0.000000" m_ty="0.000000"/>
  </frame>
  <frame idx="175" w="442" h="764" x="-31.999985" y="-178.999893">
   <element name="swap_gallop_brokenking" layername="swap_gallop_brokenking" frame="0" z_index="2" m_a="1.000000" m_b="0.000000" m_c="0.000000" m_d="1.000000" m_tx="0.000000" m_ty="0.000000"/>
  </frame>
  <frame idx="200" w="442" h="764" x="-31.999985" y="-178.999893">
   <element name="swap_gallop_brokenking" layername="swap_gallop_brokenking" frame="0" z_index="2" m_a="1.000000" m_b="0.000000" m_c="0.000000" m_d="1.000000" m_tx="0.000000" m_ty="0.000000"/>
  </frame>
  <frame idx="225" w="442" h="764" x="-31.999985" y="-178.999893">
   <element name="swap_gallop_brokenking" layername="swap_gallop_brokenking" frame="0" z_index="2" m_a="1.000000" m_b="0.000000" m_c="0.000000" m_d="1.000000" m_tx="0.000000" m_ty="0.000000"/>
  </frame>
  <frame idx="250" w="442" h="764" x="-31.999985" y="-178.999893">
   <element name="swap_gallop_brokenking" layername="swap_gallop_brokenking" frame="0" z_index="2" m_a="1.000000" m_b="0.000000" m_c="0.000000" m_d="1.000000" m_tx="0.000000" m_ty="0.000000"/>
  </frame>
  <frame idx="275" w="442" h="764" x="-31.999985" y="-178.999893">
   <element name="swap_gallop_brokenking" layername="swap_gallop_brokenking" frame="0" z_index="2" m_a="1.000000" m_b="0.000000" m_c="0.000000" m_d="1.000000" m_tx="0.000000" m_ty="0.000000"/>
  </frame>
  <frame idx="300" w="442" h="764" x="-31.999985" y="-178.999893">
   <element name="swap_gallop_brokenking" layername="swap_gallop_brokenking" frame="0" z_index="2" m_a="1.000000" m_b="0.000000" m_c="0.000000" m_d="1.000000" m_tx="0.000000" m_ty="0.000000"/>
  </frame>
 </anim>
</Anims>
