<Anims>
 <anim name="idle" root="swap_lol_wp_s7_doranshield" numframes="100" framerate="40">
  <frame idx="0" w="197" h="358" x="-7.950054" y="-67.425125">
   <element name="swap_shield" layername="swap_shield" frame="0" z_index="1" m_a="1.000000" m_b="0.000000" m_c="0.000000" m_d="1.000000" m_tx="-11.000000" m_ty="-37.000000"/>
  </frame>
  <frame idx="25" w="197" h="358" x="-7.950054" y="-67.425125">
   <element name="swap_shield" layername="swap_shield" frame="0" z_index="1" m_a="1.000000" m_b="0.000000" m_c="0.000000" m_d="1.000000" m_tx="-11.000000" m_ty="-37.000000"/>
  </frame>
  <frame idx="50" w="197" h="358" x="-7.950054" y="-67.425125">
   <element name="swap_shield" layername="swap_shield" frame="0" z_index="1" m_a="1.000000" m_b="0.000000" m_c="0.000000" m_d="1.000000" m_tx="-11.000000" m_ty="-37.000000"/>
  </frame>
  <frame idx="75" w="197" h="358" x="-7.950054" y="-67.425125">
   <element name="swap_shield" layername="swap_shield" frame="0" z_index="1" m_a="1.000000" m_b="0.000000" m_c="0.000000" m_d="1.000000" m_tx="-11.000000" m_ty="-37.000000"/>
  </frame>
 </anim>
</Anims>
