<Anims>
 <anim name="idle" root="lol_wp_terraprisma" numframes="1000" framerate="40">
  <frame idx="0" w="384" h="588" x="-32.999901" y="-218.999939">
   <element name="lol_wp_terraprisma" layername="lol_wp_terraprisma" frame="0" z_index="1" m_a="1.000000" m_b="0.000000" m_c="0.000000" m_d="1.000000" m_tx="2.489050" m_ty="0.716569"/>
  </frame>
  <frame idx="25" w="384" h="588" x="-32.999901" y="-218.999939">
   <element name="lol_wp_terraprisma" layername="lol_wp_terraprisma" frame="0" z_index="1" m_a="1.000000" m_b="0.000000" m_c="0.000000" m_d="1.000000" m_tx="2.489050" m_ty="0.716569"/>
  </frame>
  <frame idx="50" w="384" h="588" x="-32.999901" y="-218.999939">
   <element name="lol_wp_terraprisma" layername="lol_wp_terraprisma" frame="0" z_index="1" m_a="1.000000" m_b="0.000000" m_c="0.000000" m_d="1.000000" m_tx="2.489050" m_ty="0.716569"/>
  </frame>
  <frame idx="75" w="384" h="588" x="-32.999901" y="-218.999939">
   <element name="lol_wp_terraprisma" layername="lol_wp_terraprisma" frame="0" z_index="1" m_a="1.000000" m_b="0.000000" m_c="0.000000" m_d="1.000000" m_tx="2.489050" m_ty="0.716569"/>
  </frame>
  <frame idx="100" w="384" h="588" x="-32.999901" y="-218.999939">
   <element name="lol_wp_terraprisma" layername="lol_wp_terraprisma" frame="0" z_index="1" m_a="1.000000" m_b="0.000000" m_c="0.000000" m_d="1.000000" m_tx="2.489050" m_ty="0.716569"/>
  </frame>
  <frame idx="125" w="384" h="588" x="-32.999901" y="-218.999939">
   <element name="lol_wp_terraprisma" layername="lol_wp_terraprisma" frame="0" z_index="1" m_a="1.000000" m_b="0.000000" m_c="0.000000" m_d="1.000000" m_tx="2.489050" m_ty="0.716569"/>
  </frame>
  <frame idx="150" w="384" h="588" x="-32.999901" y="-218.999939">
   <element name="lol_wp_terraprisma" layername="lol_wp_terraprisma" frame="0" z_index="1" m_a="1.000000" m_b="0.000000" m_c="0.000000" m_d="1.000000" m_tx="2.489050" m_ty="0.716569"/>
  </frame>
  <frame idx="175" w="384" h="588" x="-32.999901" y="-218.999939">
   <element name="lol_wp_terraprisma" layername="lol_wp_terraprisma" frame="0" z_index="1" m_a="1.000000" m_b="0.000000" m_c="0.000000" m_d="1.000000" m_tx="2.489050" m_ty="0.716569"/>
  </frame>
  <frame idx="200" w="384" h="588" x="-32.999901" y="-218.999939">
   <element name="lol_wp_terraprisma" layername="lol_wp_terraprisma" frame="0" z_index="1" m_a="1.000000" m_b="0.000000" m_c="0.000000" m_d="1.000000" m_tx="2.489050" m_ty="0.716569"/>
  </frame>
  <frame idx="225" w="384" h="588" x="-32.999901" y="-218.999939">
   <element name="lol_wp_terraprisma" layername="lol_wp_terraprisma" frame="0" z_index="1" m_a="1.000000" m_b="0.000000" m_c="0.000000" m_d="1.000000" m_tx="2.489050" m_ty="0.716569"/>
  </frame>
  <frame idx="250" w="384" h="588" x="-32.999901" y="-218.999939">
   <element name="lol_wp_terraprisma" layername="lol_wp_terraprisma" frame="0" z_index="1" m_a="1.000000" m_b="0.000000" m_c="0.000000" m_d="1.000000" m_tx="2.489050" m_ty="0.716569"/>
  </frame>
  <frame idx="275" w="384" h="588" x="-32.999901" y="-218.999939">
   <element name="lol_wp_terraprisma" layername="lol_wp_terraprisma" frame="0" z_index="1" m_a="1.000000" m_b="0.000000" m_c="0.000000" m_d="1.000000" m_tx="2.489050" m_ty="0.716569"/>
  </frame>
  <frame idx="300" w="384" h="588" x="-32.999901" y="-218.999939">
   <element name="lol_wp_terraprisma" layername="lol_wp_terraprisma" frame="0" z_index="1" m_a="1.000000" m_b="0.000000" m_c="0.000000" m_d="1.000000" m_tx="2.489050" m_ty="0.716569"/>
  </frame>
  <frame idx="325" w="384" h="588" x="-32.999901" y="-218.999939">
   <element name="lol_wp_terraprisma" layername="lol_wp_terraprisma" frame="0" z_index="1" m_a="1.000000" m_b="0.000000" m_c="0.000000" m_d="1.000000" m_tx="2.489050" m_ty="0.716569"/>
  </frame>
  <frame idx="350" w="384" h="588" x="-32.999901" y="-218.999939">
   <element name="lol_wp_terraprisma" layername="lol_wp_terraprisma" frame="0" z_index="1" m_a="1.000000" m_b="0.000000" m_c="0.000000" m_d="1.000000" m_tx="2.489050" m_ty="0.716569"/>
  </frame>
  <frame idx="375" w="384" h="588" x="-32.999901" y="-218.999939">
   <element name="lol_wp_terraprisma" layername="lol_wp_terraprisma" frame="0" z_index="1" m_a="1.000000" m_b="0.000000" m_c="0.000000" m_d="1.000000" m_tx="2.489050" m_ty="0.716569"/>
  </frame>
  <frame idx="400" w="384" h="588" x="-32.999901" y="-218.999939">
   <element name="lol_wp_terraprisma" layername="lol_wp_terraprisma" frame="0" z_index="1" m_a="1.000000" m_b="0.000000" m_c="0.000000" m_d="1.000000" m_tx="2.489050" m_ty="0.716569"/>
  </frame>
  <frame idx="425" w="384" h="588" x="-32.999901" y="-218.999939">
   <element name="lol_wp_terraprisma" layername="lol_wp_terraprisma" frame="0" z_index="1" m_a="1.000000" m_b="0.000000" m_c="0.000000" m_d="1.000000" m_tx="2.489050" m_ty="0.716569"/>
  </frame>
  <frame idx="450" w="384" h="588" x="-32.999901" y="-218.999939">
   <element name="lol_wp_terraprisma" layername="lol_wp_terraprisma" frame="0" z_index="1" m_a="1.000000" m_b="0.000000" m_c="0.000000" m_d="1.000000" m_tx="2.489050" m_ty="0.716569"/>
  </frame>
  <frame idx="475" w="384" h="588" x="-32.999901" y="-218.999939">
   <element name="lol_wp_terraprisma" layername="lol_wp_terraprisma" frame="0" z_index="1" m_a="1.000000" m_b="0.000000" m_c="0.000000" m_d="1.000000" m_tx="2.489050" m_ty="0.716569"/>
  </frame>
  <frame idx="500" w="384" h="588" x="-32.999901" y="-218.999939">
   <element name="lol_wp_terraprisma" layername="lol_wp_terraprisma" frame="0" z_index="1" m_a="1.000000" m_b="0.000000" m_c="0.000000" m_d="1.000000" m_tx="2.489050" m_ty="0.716569"/>
  </frame>
  <frame idx="525" w="384" h="588" x="-32.999901" y="-218.999939">
   <element name="lol_wp_terraprisma" layername="lol_wp_terraprisma" frame="0" z_index="1" m_a="1.000000" m_b="0.000000" m_c="0.000000" m_d="1.000000" m_tx="2.489050" m_ty="0.716569"/>
  </frame>
  <frame idx="550" w="384" h="588" x="-32.999901" y="-218.999939">
   <element name="lol_wp_terraprisma" layername="lol_wp_terraprisma" frame="0" z_index="1" m_a="1.000000" m_b="0.000000" m_c="0.000000" m_d="1.000000" m_tx="2.489050" m_ty="0.716569"/>
  </frame>
  <frame idx="575" w="384" h="588" x="-32.999901" y="-218.999939">
   <element name="lol_wp_terraprisma" layername="lol_wp_terraprisma" frame="0" z_index="1" m_a="1.000000" m_b="0.000000" m_c="0.000000" m_d="1.000000" m_tx="2.489050" m_ty="0.716569"/>
  </frame>
  <frame idx="600" w="384" h="588" x="-32.999901" y="-218.999939">
   <element name="lol_wp_terraprisma" layername="lol_wp_terraprisma" frame="0" z_index="1" m_a="1.000000" m_b="0.000000" m_c="0.000000" m_d="1.000000" m_tx="2.489050" m_ty="0.716569"/>
  </frame>
  <frame idx="625" w="384" h="588" x="-32.999901" y="-218.999939">
   <element name="lol_wp_terraprisma" layername="lol_wp_terraprisma" frame="0" z_index="1" m_a="1.000000" m_b="0.000000" m_c="0.000000" m_d="1.000000" m_tx="2.489050" m_ty="0.716569"/>
  </frame>
  <frame idx="650" w="384" h="588" x="-32.999901" y="-218.999939">
   <element name="lol_wp_terraprisma" layername="lol_wp_terraprisma" frame="0" z_index="1" m_a="1.000000" m_b="0.000000" m_c="0.000000" m_d="1.000000" m_tx="2.489050" m_ty="0.716569"/>
  </frame>
  <frame idx="675" w="384" h="588" x="-32.999901" y="-218.999939">
   <element name="lol_wp_terraprisma" layername="lol_wp_terraprisma" frame="0" z_index="1" m_a="1.000000" m_b="0.000000" m_c="0.000000" m_d="1.000000" m_tx="2.489050" m_ty="0.716569"/>
  </frame>
  <frame idx="700" w="384" h="588" x="-32.999901" y="-218.999939">
   <element name="lol_wp_terraprisma" layername="lol_wp_terraprisma" frame="0" z_index="1" m_a="1.000000" m_b="0.000000" m_c="0.000000" m_d="1.000000" m_tx="2.489050" m_ty="0.716569"/>
  </frame>
  <frame idx="725" w="384" h="588" x="-32.999901" y="-218.999939">
   <element name="lol_wp_terraprisma" layername="lol_wp_terraprisma" frame="0" z_index="1" m_a="1.000000" m_b="0.000000" m_c="0.000000" m_d="1.000000" m_tx="2.489050" m_ty="0.716569"/>
  </frame>
  <frame idx="750" w="384" h="588" x="-32.999901" y="-218.999939">
   <element name="lol_wp_terraprisma" layername="lol_wp_terraprisma" frame="0" z_index="1" m_a="1.000000" m_b="0.000000" m_c="0.000000" m_d="1.000000" m_tx="2.489050" m_ty="0.716569"/>
  </frame>
  <frame idx="775" w="384" h="588" x="-32.999901" y="-218.999939">
   <element name="lol_wp_terraprisma" layername="lol_wp_terraprisma" frame="0" z_index="1" m_a="1.000000" m_b="0.000000" m_c="0.000000" m_d="1.000000" m_tx="2.489050" m_ty="0.716569"/>
  </frame>
  <frame idx="800" w="384" h="588" x="-32.999901" y="-218.999939">
   <element name="lol_wp_terraprisma" layername="lol_wp_terraprisma" frame="0" z_index="1" m_a="1.000000" m_b="0.000000" m_c="0.000000" m_d="1.000000" m_tx="2.489050" m_ty="0.716569"/>
  </frame>
  <frame idx="825" w="384" h="588" x="-32.999901" y="-218.999939">
   <element name="lol_wp_terraprisma" layername="lol_wp_terraprisma" frame="0" z_index="1" m_a="1.000000" m_b="0.000000" m_c="0.000000" m_d="1.000000" m_tx="2.489050" m_ty="0.716569"/>
  </frame>
  <frame idx="850" w="384" h="588" x="-32.999901" y="-218.999939">
   <element name="lol_wp_terraprisma" layername="lol_wp_terraprisma" frame="0" z_index="1" m_a="1.000000" m_b="0.000000" m_c="0.000000" m_d="1.000000" m_tx="2.489050" m_ty="0.716569"/>
  </frame>
  <frame idx="875" w="384" h="588" x="-32.999901" y="-218.999939">
   <element name="lol_wp_terraprisma" layername="lol_wp_terraprisma" frame="0" z_index="1" m_a="1.000000" m_b="0.000000" m_c="0.000000" m_d="1.000000" m_tx="2.489050" m_ty="0.716569"/>
  </frame>
  <frame idx="900" w="384" h="588" x="-32.999901" y="-218.999939">
   <element name="lol_wp_terraprisma" layername="lol_wp_terraprisma" frame="0" z_index="1" m_a="1.000000" m_b="0.000000" m_c="0.000000" m_d="1.000000" m_tx="2.489050" m_ty="0.716569"/>
  </frame>
  <frame idx="925" w="384" h="588" x="-32.999901" y="-218.999939">
   <element name="lol_wp_terraprisma" layername="lol_wp_terraprisma" frame="0" z_index="1" m_a="1.000000" m_b="0.000000" m_c="0.000000" m_d="1.000000" m_tx="2.489050" m_ty="0.716569"/>
  </frame>
  <frame idx="950" w="384" h="588" x="-32.999901" y="-218.999939">
   <element name="lol_wp_terraprisma" layername="lol_wp_terraprisma" frame="0" z_index="1" m_a="1.000000" m_b="0.000000" m_c="0.000000" m_d="1.000000" m_tx="2.489050" m_ty="0.716569"/>
  </frame>
  <frame idx="975" w="384" h="588" x="-32.999901" y="-218.999939">
   <element name="lol_wp_terraprisma" layername="lol_wp_terraprisma" frame="0" z_index="1" m_a="1.000000" m_b="0.000000" m_c="0.000000" m_d="1.000000" m_tx="2.489050" m_ty="0.716569"/>
  </frame>
 </anim>
 <anim name="shoot" root="lol_wp_terraprisma" numframes="1000" framerate="40">
  <frame idx="0" w="384" h="395" x="-38.249847" y="-359.249847">
   <element name="lol_wp_terraprisma" layername="lol_wp_terraprisma" frame="1" z_index="1" m_a="-0.000000" m_b="-1.000000" m_c="1.000000" m_d="-0.000000" m_tx="1.226640" m_ty="1.253890"/>
  </frame>
  <frame idx="25" w="384" h="395" x="-38.249847" y="-359.249847">
   <element name="lol_wp_terraprisma" layername="lol_wp_terraprisma" frame="1" z_index="1" m_a="-0.000000" m_b="-1.000000" m_c="1.000000" m_d="-0.000000" m_tx="1.226640" m_ty="1.253890"/>
  </frame>
  <frame idx="50" w="384" h="395" x="-38.249847" y="-359.249847">
   <element name="lol_wp_terraprisma" layername="lol_wp_terraprisma" frame="1" z_index="1" m_a="-0.000000" m_b="-1.000000" m_c="1.000000" m_d="-0.000000" m_tx="1.226640" m_ty="1.253890"/>
  </frame>
  <frame idx="75" w="384" h="395" x="-38.249847" y="-359.249847">
   <element name="lol_wp_terraprisma" layername="lol_wp_terraprisma" frame="1" z_index="1" m_a="-0.000000" m_b="-1.000000" m_c="1.000000" m_d="-0.000000" m_tx="1.226640" m_ty="1.253890"/>
  </frame>
  <frame idx="100" w="384" h="395" x="-38.249847" y="-359.249847">
   <element name="lol_wp_terraprisma" layername="lol_wp_terraprisma" frame="1" z_index="1" m_a="-0.000000" m_b="-1.000000" m_c="1.000000" m_d="-0.000000" m_tx="1.226640" m_ty="1.253890"/>
  </frame>
  <frame idx="125" w="384" h="395" x="-38.249847" y="-359.249847">
   <element name="lol_wp_terraprisma" layername="lol_wp_terraprisma" frame="1" z_index="1" m_a="-0.000000" m_b="-1.000000" m_c="1.000000" m_d="-0.000000" m_tx="1.226640" m_ty="1.253890"/>
  </frame>
  <frame idx="150" w="384" h="395" x="-38.249847" y="-359.249847">
   <element name="lol_wp_terraprisma" layername="lol_wp_terraprisma" frame="1" z_index="1" m_a="-0.000000" m_b="-1.000000" m_c="1.000000" m_d="-0.000000" m_tx="1.226640" m_ty="1.253890"/>
  </frame>
  <frame idx="175" w="384" h="395" x="-38.249847" y="-359.249847">
   <element name="lol_wp_terraprisma" layername="lol_wp_terraprisma" frame="1" z_index="1" m_a="-0.000000" m_b="-1.000000" m_c="1.000000" m_d="-0.000000" m_tx="1.226640" m_ty="1.253890"/>
  </frame>
  <frame idx="200" w="384" h="395" x="-38.249847" y="-359.249847">
   <element name="lol_wp_terraprisma" layername="lol_wp_terraprisma" frame="1" z_index="1" m_a="-0.000000" m_b="-1.000000" m_c="1.000000" m_d="-0.000000" m_tx="1.226640" m_ty="1.253890"/>
  </frame>
  <frame idx="225" w="384" h="395" x="-38.249847" y="-359.249847">
   <element name="lol_wp_terraprisma" layername="lol_wp_terraprisma" frame="1" z_index="1" m_a="-0.000000" m_b="-1.000000" m_c="1.000000" m_d="-0.000000" m_tx="1.226640" m_ty="1.253890"/>
  </frame>
  <frame idx="250" w="384" h="395" x="-38.249847" y="-359.249847">
   <element name="lol_wp_terraprisma" layername="lol_wp_terraprisma" frame="1" z_index="1" m_a="-0.000000" m_b="-1.000000" m_c="1.000000" m_d="-0.000000" m_tx="1.226640" m_ty="1.253890"/>
  </frame>
  <frame idx="275" w="384" h="395" x="-38.249847" y="-359.249847">
   <element name="lol_wp_terraprisma" layername="lol_wp_terraprisma" frame="1" z_index="1" m_a="-0.000000" m_b="-1.000000" m_c="1.000000" m_d="-0.000000" m_tx="1.226640" m_ty="1.253890"/>
  </frame>
  <frame idx="300" w="384" h="395" x="-38.249847" y="-359.249847">
   <element name="lol_wp_terraprisma" layername="lol_wp_terraprisma" frame="1" z_index="1" m_a="-0.000000" m_b="-1.000000" m_c="1.000000" m_d="-0.000000" m_tx="1.226640" m_ty="1.253890"/>
  </frame>
  <frame idx="325" w="384" h="395" x="-38.249847" y="-359.249847">
   <element name="lol_wp_terraprisma" layername="lol_wp_terraprisma" frame="1" z_index="1" m_a="-0.000000" m_b="-1.000000" m_c="1.000000" m_d="-0.000000" m_tx="1.226640" m_ty="1.253890"/>
  </frame>
  <frame idx="350" w="384" h="395" x="-38.249847" y="-359.249847">
   <element name="lol_wp_terraprisma" layername="lol_wp_terraprisma" frame="1" z_index="1" m_a="-0.000000" m_b="-1.000000" m_c="1.000000" m_d="-0.000000" m_tx="1.226640" m_ty="1.253890"/>
  </frame>
  <frame idx="375" w="384" h="395" x="-38.249847" y="-359.249847">
   <element name="lol_wp_terraprisma" layername="lol_wp_terraprisma" frame="1" z_index="1" m_a="-0.000000" m_b="-1.000000" m_c="1.000000" m_d="-0.000000" m_tx="1.226640" m_ty="1.253890"/>
  </frame>
  <frame idx="400" w="384" h="395" x="-38.249847" y="-359.249847">
   <element name="lol_wp_terraprisma" layername="lol_wp_terraprisma" frame="1" z_index="1" m_a="-0.000000" m_b="-1.000000" m_c="1.000000" m_d="-0.000000" m_tx="1.226640" m_ty="1.253890"/>
  </frame>
  <frame idx="425" w="384" h="395" x="-38.249847" y="-359.249847">
   <element name="lol_wp_terraprisma" layername="lol_wp_terraprisma" frame="1" z_index="1" m_a="-0.000000" m_b="-1.000000" m_c="1.000000" m_d="-0.000000" m_tx="1.226640" m_ty="1.253890"/>
  </frame>
  <frame idx="450" w="384" h="395" x="-38.249847" y="-359.249847">
   <element name="lol_wp_terraprisma" layername="lol_wp_terraprisma" frame="1" z_index="1" m_a="-0.000000" m_b="-1.000000" m_c="1.000000" m_d="-0.000000" m_tx="1.226640" m_ty="1.253890"/>
  </frame>
  <frame idx="475" w="384" h="395" x="-38.249847" y="-359.249847">
   <element name="lol_wp_terraprisma" layername="lol_wp_terraprisma" frame="1" z_index="1" m_a="-0.000000" m_b="-1.000000" m_c="1.000000" m_d="-0.000000" m_tx="1.226640" m_ty="1.253890"/>
  </frame>
  <frame idx="500" w="384" h="395" x="-38.249847" y="-359.249847">
   <element name="lol_wp_terraprisma" layername="lol_wp_terraprisma" frame="1" z_index="1" m_a="-0.000000" m_b="-1.000000" m_c="1.000000" m_d="-0.000000" m_tx="1.226640" m_ty="1.253890"/>
  </frame>
  <frame idx="525" w="384" h="395" x="-38.249847" y="-359.249847">
   <element name="lol_wp_terraprisma" layername="lol_wp_terraprisma" frame="1" z_index="1" m_a="-0.000000" m_b="-1.000000" m_c="1.000000" m_d="-0.000000" m_tx="1.226640" m_ty="1.253890"/>
  </frame>
  <frame idx="550" w="384" h="395" x="-38.249847" y="-359.249847">
   <element name="lol_wp_terraprisma" layername="lol_wp_terraprisma" frame="1" z_index="1" m_a="-0.000000" m_b="-1.000000" m_c="1.000000" m_d="-0.000000" m_tx="1.226640" m_ty="1.253890"/>
  </frame>
  <frame idx="575" w="384" h="395" x="-38.249847" y="-359.249847">
   <element name="lol_wp_terraprisma" layername="lol_wp_terraprisma" frame="1" z_index="1" m_a="-0.000000" m_b="-1.000000" m_c="1.000000" m_d="-0.000000" m_tx="1.226640" m_ty="1.253890"/>
  </frame>
  <frame idx="600" w="384" h="395" x="-38.249847" y="-359.249847">
   <element name="lol_wp_terraprisma" layername="lol_wp_terraprisma" frame="1" z_index="1" m_a="-0.000000" m_b="-1.000000" m_c="1.000000" m_d="-0.000000" m_tx="1.226640" m_ty="1.253890"/>
  </frame>
  <frame idx="625" w="384" h="395" x="-38.249847" y="-359.249847">
   <element name="lol_wp_terraprisma" layername="lol_wp_terraprisma" frame="1" z_index="1" m_a="-0.000000" m_b="-1.000000" m_c="1.000000" m_d="-0.000000" m_tx="1.226640" m_ty="1.253890"/>
  </frame>
  <frame idx="650" w="384" h="395" x="-38.249847" y="-359.249847">
   <element name="lol_wp_terraprisma" layername="lol_wp_terraprisma" frame="1" z_index="1" m_a="-0.000000" m_b="-1.000000" m_c="1.000000" m_d="-0.000000" m_tx="1.226640" m_ty="1.253890"/>
  </frame>
  <frame idx="675" w="384" h="395" x="-38.249847" y="-359.249847">
   <element name="lol_wp_terraprisma" layername="lol_wp_terraprisma" frame="1" z_index="1" m_a="-0.000000" m_b="-1.000000" m_c="1.000000" m_d="-0.000000" m_tx="1.226640" m_ty="1.253890"/>
  </frame>
  <frame idx="700" w="384" h="395" x="-38.249847" y="-359.249847">
   <element name="lol_wp_terraprisma" layername="lol_wp_terraprisma" frame="1" z_index="1" m_a="-0.000000" m_b="-1.000000" m_c="1.000000" m_d="-0.000000" m_tx="1.226640" m_ty="1.253890"/>
  </frame>
  <frame idx="725" w="384" h="395" x="-38.249847" y="-359.249847">
   <element name="lol_wp_terraprisma" layername="lol_wp_terraprisma" frame="1" z_index="1" m_a="-0.000000" m_b="-1.000000" m_c="1.000000" m_d="-0.000000" m_tx="1.226640" m_ty="1.253890"/>
  </frame>
  <frame idx="750" w="384" h="395" x="-38.249847" y="-359.249847">
   <element name="lol_wp_terraprisma" layername="lol_wp_terraprisma" frame="1" z_index="1" m_a="-0.000000" m_b="-1.000000" m_c="1.000000" m_d="-0.000000" m_tx="1.226640" m_ty="1.253890"/>
  </frame>
  <frame idx="775" w="384" h="395" x="-38.249847" y="-359.249847">
   <element name="lol_wp_terraprisma" layername="lol_wp_terraprisma" frame="1" z_index="1" m_a="-0.000000" m_b="-1.000000" m_c="1.000000" m_d="-0.000000" m_tx="1.226640" m_ty="1.253890"/>
  </frame>
  <frame idx="800" w="384" h="395" x="-38.249847" y="-359.249847">
   <element name="lol_wp_terraprisma" layername="lol_wp_terraprisma" frame="1" z_index="1" m_a="-0.000000" m_b="-1.000000" m_c="1.000000" m_d="-0.000000" m_tx="1.226640" m_ty="1.253890"/>
  </frame>
  <frame idx="825" w="384" h="395" x="-38.249847" y="-359.249847">
   <element name="lol_wp_terraprisma" layername="lol_wp_terraprisma" frame="1" z_index="1" m_a="-0.000000" m_b="-1.000000" m_c="1.000000" m_d="-0.000000" m_tx="1.226640" m_ty="1.253890"/>
  </frame>
  <frame idx="850" w="384" h="395" x="-38.249847" y="-359.249847">
   <element name="lol_wp_terraprisma" layername="lol_wp_terraprisma" frame="1" z_index="1" m_a="-0.000000" m_b="-1.000000" m_c="1.000000" m_d="-0.000000" m_tx="1.226640" m_ty="1.253890"/>
  </frame>
  <frame idx="875" w="384" h="395" x="-38.249847" y="-359.249847">
   <element name="lol_wp_terraprisma" layername="lol_wp_terraprisma" frame="1" z_index="1" m_a="-0.000000" m_b="-1.000000" m_c="1.000000" m_d="-0.000000" m_tx="1.226640" m_ty="1.253890"/>
  </frame>
  <frame idx="900" w="384" h="395" x="-38.249847" y="-359.249847">
   <element name="lol_wp_terraprisma" layername="lol_wp_terraprisma" frame="1" z_index="1" m_a="-0.000000" m_b="-1.000000" m_c="1.000000" m_d="-0.000000" m_tx="1.226640" m_ty="1.253890"/>
  </frame>
  <frame idx="925" w="384" h="395" x="-38.249847" y="-359.249847">
   <element name="lol_wp_terraprisma" layername="lol_wp_terraprisma" frame="1" z_index="1" m_a="-0.000000" m_b="-1.000000" m_c="1.000000" m_d="-0.000000" m_tx="1.226640" m_ty="1.253890"/>
  </frame>
  <frame idx="950" w="384" h="395" x="-38.249847" y="-359.249847">
   <element name="lol_wp_terraprisma" layername="lol_wp_terraprisma" frame="1" z_index="1" m_a="-0.000000" m_b="-1.000000" m_c="1.000000" m_d="-0.000000" m_tx="1.226640" m_ty="1.253890"/>
  </frame>
  <frame idx="975" w="384" h="395" x="-38.249847" y="-359.249847">
   <element name="lol_wp_terraprisma" layername="lol_wp_terraprisma" frame="1" z_index="1" m_a="-0.000000" m_b="-1.000000" m_c="1.000000" m_d="-0.000000" m_tx="1.226640" m_ty="1.253890"/>
  </frame>
 </anim>
</Anims>
