<Anims>
 <anim name="idle" root="gallop_blackcutter" numframes="325" framerate="40">
  <frame idx="0" w="600" h="669" x="-89.000000" y="-152.000000">
   <element name="gallop_blackcutter" layername="gallop_blackcutter" frame="0" z_index="2" m_a="1.000000" m_b="0.000000" m_c="0.000000" m_d="1.000000" m_tx="0.000000" m_ty="20.000000"/>
  </frame>
  <frame idx="25" w="600" h="669" x="-89.000000" y="-152.000000">
   <element name="gallop_blackcutter" layername="gallop_blackcutter" frame="0" z_index="2" m_a="1.000000" m_b="0.000000" m_c="0.000000" m_d="1.000000" m_tx="0.000000" m_ty="20.000000"/>
  </frame>
  <frame idx="50" w="600" h="669" x="-89.000000" y="-152.000000">
   <element name="gallop_blackcutter" layername="gallop_blackcutter" frame="0" z_index="2" m_a="1.000000" m_b="0.000000" m_c="0.000000" m_d="1.000000" m_tx="0.000000" m_ty="20.000000"/>
  </frame>
  <frame idx="75" w="600" h="669" x="-89.000000" y="-152.000000">
   <element name="gallop_blackcutter" layername="gallop_blackcutter" frame="0" z_index="2" m_a="1.000000" m_b="0.000000" m_c="0.000000" m_d="1.000000" m_tx="0.000000" m_ty="20.000000"/>
  </frame>
  <frame idx="100" w="600" h="669" x="-89.000000" y="-152.000000">
   <element name="gallop_blackcutter" layername="gallop_blackcutter" frame="0" z_index="2" m_a="1.000000" m_b="0.000000" m_c="0.000000" m_d="1.000000" m_tx="0.000000" m_ty="20.000000"/>
  </frame>
  <frame idx="125" w="600" h="669" x="-89.000000" y="-152.000000">
   <element name="gallop_blackcutter" layername="gallop_blackcutter" frame="0" z_index="2" m_a="1.000000" m_b="0.000000" m_c="0.000000" m_d="1.000000" m_tx="0.000000" m_ty="20.000000"/>
  </frame>
  <frame idx="150" w="600" h="669" x="-89.000000" y="-152.000000">
   <element name="gallop_blackcutter" layername="gallop_blackcutter" frame="0" z_index="2" m_a="1.000000" m_b="0.000000" m_c="0.000000" m_d="1.000000" m_tx="0.000000" m_ty="20.000000"/>
  </frame>
  <frame idx="175" w="600" h="669" x="-89.000000" y="-152.000000">
   <element name="gallop_blackcutter" layername="gallop_blackcutter" frame="0" z_index="2" m_a="1.000000" m_b="0.000000" m_c="0.000000" m_d="1.000000" m_tx="0.000000" m_ty="20.000000"/>
  </frame>
  <frame idx="200" w="600" h="669" x="-89.000000" y="-152.000000">
   <element name="gallop_blackcutter" layername="gallop_blackcutter" frame="0" z_index="2" m_a="1.000000" m_b="0.000000" m_c="0.000000" m_d="1.000000" m_tx="0.000000" m_ty="20.000000"/>
  </frame>
  <frame idx="225" w="600" h="669" x="-89.000000" y="-152.000000">
   <element name="gallop_blackcutter" layername="gallop_blackcutter" frame="0" z_index="2" m_a="1.000000" m_b="0.000000" m_c="0.000000" m_d="1.000000" m_tx="0.000000" m_ty="20.000000"/>
  </frame>
  <frame idx="250" w="600" h="669" x="-89.000000" y="-152.000000">
   <element name="gallop_blackcutter" layername="gallop_blackcutter" frame="0" z_index="2" m_a="1.000000" m_b="0.000000" m_c="0.000000" m_d="1.000000" m_tx="0.000000" m_ty="20.000000"/>
  </frame>
  <frame idx="275" w="600" h="669" x="-89.000000" y="-152.000000">
   <element name="gallop_blackcutter" layername="gallop_blackcutter" frame="0" z_index="2" m_a="1.000000" m_b="0.000000" m_c="0.000000" m_d="1.000000" m_tx="0.000000" m_ty="20.000000"/>
  </frame>
  <frame idx="300" w="600" h="669" x="-89.000000" y="-152.000000">
   <element name="gallop_blackcutter" layername="gallop_blackcutter" frame="0" z_index="2" m_a="1.000000" m_b="0.000000" m_c="0.000000" m_d="1.000000" m_tx="0.000000" m_ty="20.000000"/>
  </frame>
 </anim>
 <anim name="BUILD" root="swap_gallop_blackcutter" numframes="325" framerate="40">
  <frame idx="0" w="442" h="620" x="-31.000137" y="-152.499893">
   <element name="swap_gallop_blackcutter" layername="swap_gallop_blackcutter" frame="0" z_index="2" m_a="1.000000" m_b="0.000000" m_c="0.000000" m_d="1.000000" m_tx="0.000000" m_ty="0.000000"/>
  </frame>
  <frame idx="25" w="442" h="620" x="-31.000137" y="-152.499893">
   <element name="swap_gallop_blackcutter" layername="swap_gallop_blackcutter" frame="0" z_index="2" m_a="1.000000" m_b="0.000000" m_c="0.000000" m_d="1.000000" m_tx="0.000000" m_ty="0.000000"/>
  </frame>
  <frame idx="50" w="442" h="620" x="-31.000137" y="-152.499893">
   <element name="swap_gallop_blackcutter" layername="swap_gallop_blackcutter" frame="0" z_index="2" m_a="1.000000" m_b="0.000000" m_c="0.000000" m_d="1.000000" m_tx="0.000000" m_ty="0.000000"/>
  </frame>
  <frame idx="75" w="442" h="620" x="-31.000137" y="-152.499893">
   <element name="swap_gallop_blackcutter" layername="swap_gallop_blackcutter" frame="0" z_index="2" m_a="1.000000" m_b="0.000000" m_c="0.000000" m_d="1.000000" m_tx="0.000000" m_ty="0.000000"/>
  </frame>
  <frame idx="100" w="442" h="620" x="-31.000137" y="-152.499893">
   <element name="swap_gallop_blackcutter" layername="swap_gallop_blackcutter" frame="0" z_index="2" m_a="1.000000" m_b="0.000000" m_c="0.000000" m_d="1.000000" m_tx="0.000000" m_ty="0.000000"/>
  </frame>
  <frame idx="125" w="442" h="620" x="-31.000137" y="-152.499893">
   <element name="swap_gallop_blackcutter" layername="swap_gallop_blackcutter" frame="0" z_index="2" m_a="1.000000" m_b="0.000000" m_c="0.000000" m_d="1.000000" m_tx="0.000000" m_ty="0.000000"/>
  </frame>
  <frame idx="150" w="442" h="620" x="-31.000137" y="-152.499893">
   <element name="swap_gallop_blackcutter" layername="swap_gallop_blackcutter" frame="0" z_index="2" m_a="1.000000" m_b="0.000000" m_c="0.000000" m_d="1.000000" m_tx="0.000000" m_ty="0.000000"/>
  </frame>
  <frame idx="175" w="442" h="620" x="-31.000137" y="-152.499893">
   <element name="swap_gallop_blackcutter" layername="swap_gallop_blackcutter" frame="0" z_index="2" m_a="1.000000" m_b="0.000000" m_c="0.000000" m_d="1.000000" m_tx="0.000000" m_ty="0.000000"/>
  </frame>
  <frame idx="200" w="442" h="620" x="-31.000137" y="-152.499893">
   <element name="swap_gallop_blackcutter" layername="swap_gallop_blackcutter" frame="0" z_index="2" m_a="1.000000" m_b="0.000000" m_c="0.000000" m_d="1.000000" m_tx="0.000000" m_ty="0.000000"/>
  </frame>
  <frame idx="225" w="442" h="620" x="-31.000137" y="-152.499893">
   <element name="swap_gallop_blackcutter" layername="swap_gallop_blackcutter" frame="0" z_index="2" m_a="1.000000" m_b="0.000000" m_c="0.000000" m_d="1.000000" m_tx="0.000000" m_ty="0.000000"/>
  </frame>
  <frame idx="250" w="442" h="620" x="-31.000137" y="-152.499893">
   <element name="swap_gallop_blackcutter" layername="swap_gallop_blackcutter" frame="0" z_index="2" m_a="1.000000" m_b="0.000000" m_c="0.000000" m_d="1.000000" m_tx="0.000000" m_ty="0.000000"/>
  </frame>
  <frame idx="275" w="442" h="620" x="-31.000137" y="-152.499893">
   <element name="swap_gallop_blackcutter" layername="swap_gallop_blackcutter" frame="0" z_index="2" m_a="1.000000" m_b="0.000000" m_c="0.000000" m_d="1.000000" m_tx="0.000000" m_ty="0.000000"/>
  </frame>
  <frame idx="300" w="442" h="620" x="-31.000137" y="-152.499893">
   <element name="swap_gallop_blackcutter" layername="swap_gallop_blackcutter" frame="0" z_index="2" m_a="1.000000" m_b="0.000000" m_c="0.000000" m_d="1.000000" m_tx="0.000000" m_ty="0.000000"/>
  </frame>
 </anim>
</Anims>
